http://eciresults.ap.nic.in/ConstituencywiseS011.htm?ac=1,3,S01,1,2014-05-16 11:04:45.088534
http://eciresults.ap.nic.in/ConstituencywiseS012.htm?ac=2,4,S01,2,2014-05-16 11:04:45.088742
http://eciresults.ap.nic.in/ConstituencywiseS013.htm?ac=3,5,S01,3,2014-05-16 11:04:45.088772
http://eciresults.ap.nic.in/ConstituencywiseS015.htm?ac=5,6,S01,5,2014-05-16 11:04:45.088798
http://eciresults.ap.nic.in/ConstituencywiseS015.htm?ac=5,7,S01,5,2014-05-16 11:04:45.088822
http://eciresults.ap.nic.in/ConstituencywiseS016.htm?ac=6,8,S01,6,2014-05-16 11:04:45.088846
http://eciresults.ap.nic.in/ConstituencywiseS017.htm?ac=7,9,S01,7,2014-05-16 11:04:45.088870
http://eciresults.ap.nic.in/ConstituencywiseS018.htm?ac=8,10,S01,8,2014-05-16 11:04:45.088893
http://eciresults.ap.nic.in/ConstituencywiseS019.htm?ac=9,11,S01,9,2014-05-16 11:04:45.088922
http://eciresults.ap.nic.in/ConstituencywiseS0110.htm?ac=10,12,S01,10,2014-05-16 11:04:45.088946
http://eciresults.ap.nic.in/ConstituencywiseS0111.htm?ac=11,13,S01,11,2014-05-16 11:04:45.088970
http://eciresults.ap.nic.in/ConstituencywiseS0112.htm?ac=12,14,S01,12,2014-05-16 11:04:45.088995
http://eciresults.ap.nic.in/ConstituencywiseS0113.htm?ac=13,15,S01,13,2014-05-16 11:04:45.089019
http://eciresults.ap.nic.in/ConstituencywiseS0114.htm?ac=14,16,S01,14,2014-05-16 11:04:45.089045
http://eciresults.ap.nic.in/ConstituencywiseS0115.htm?ac=15,17,S01,15,2014-05-16 11:04:45.089068
http://eciresults.ap.nic.in/ConstituencywiseS0116.htm?ac=16,18,S01,16,2014-05-16 11:04:45.089092
http://eciresults.ap.nic.in/ConstituencywiseS0117.htm?ac=17,19,S01,17,2014-05-16 11:04:45.089117
http://eciresults.ap.nic.in/ConstituencywiseS0118.htm?ac=18,20,S01,18,2014-05-16 11:04:45.089141
http://eciresults.ap.nic.in/ConstituencywiseS0119.htm?ac=19,21,S01,19,2014-05-16 11:04:45.089166
http://eciresults.ap.nic.in/ConstituencywiseS0120.htm?ac=20,22,S01,20,2014-05-16 11:04:45.089190
http://eciresults.ap.nic.in/ConstituencywiseS0121.htm?ac=21,23,S01,21,2014-05-16 11:04:45.089214
http://eciresults.ap.nic.in/ConstituencywiseS0122.htm?ac=22,24,S01,22,2014-05-16 11:04:45.089237
http://eciresults.ap.nic.in/ConstituencywiseS0123.htm?ac=23,25,S01,23,2014-05-16 11:04:45.089262
http://eciresults.ap.nic.in/ConstituencywiseS0124.htm?ac=24,26,S01,24,2014-05-16 11:04:45.089286
http://eciresults.ap.nic.in/ConstituencywiseS0125.htm?ac=25,27,S01,25,2014-05-16 11:04:45.089311
http://eciresults.ap.nic.in/ConstituencywiseS0125.htm?ac=25,28,S01,25,2014-05-16 11:04:45.089335
http://eciresults.ap.nic.in/ConstituencywiseS0126.htm?ac=26,29,S01,26,2014-05-16 11:04:45.089358
http://eciresults.ap.nic.in/ConstituencywiseS0127.htm?ac=27,30,S01,27,2014-05-16 11:04:45.089383
http://eciresults.ap.nic.in/ConstituencywiseS0128.htm?ac=28,31,S01,28,2014-05-16 11:04:45.089407
http://eciresults.ap.nic.in/ConstituencywiseS0129.htm?ac=29,32,S01,29,2014-05-16 11:04:45.089430
http://eciresults.ap.nic.in/ConstituencywiseS0130.htm?ac=30,33,S01,30,2014-05-16 11:04:45.089455
http://eciresults.ap.nic.in/ConstituencywiseS0131.htm?ac=31,34,S01,31,2014-05-16 11:04:45.089478
http://eciresults.ap.nic.in/ConstituencywiseS0132.htm?ac=32,35,S01,32,2014-05-16 11:04:45.089502
http://eciresults.ap.nic.in/ConstituencywiseS0133.htm?ac=33,36,S01,33,2014-05-16 11:04:45.089526
http://eciresults.ap.nic.in/ConstituencywiseS0134.htm?ac=34,37,S01,34,2014-05-16 11:04:45.089550
http://eciresults.ap.nic.in/ConstituencywiseS0135.htm?ac=35,38,S01,35,2014-05-16 11:04:45.089573
http://eciresults.ap.nic.in/ConstituencywiseS0137.htm?ac=37,39,S01,37,2014-05-16 11:04:45.089598
http://eciresults.ap.nic.in/ConstituencywiseS0138.htm?ac=38,40,S01,38,2014-05-16 11:04:45.089622
http://eciresults.ap.nic.in/ConstituencywiseS0139.htm?ac=39,41,S01,39,2014-05-16 11:04:45.089645
http://eciresults.ap.nic.in/ConstituencywiseS0140.htm?ac=40,42,S01,40,2014-05-16 11:04:45.089670
http://eciresults.ap.nic.in/ConstituencywiseS0141.htm?ac=41,43,S01,41,2014-05-16 11:04:45.089694
http://eciresults.ap.nic.in/ConstituencywiseS0142.htm?ac=42,44,S01,42,2014-05-16 11:04:45.089717
http://eciresults.ap.nic.in/ConstituencywiseS021.htm?ac=1,1,S02,1,2014-05-16 11:04:45.089742
http://eciresults.ap.nic.in/ConstituencywiseS022.htm?ac=2,2,S02,2,2014-05-16 11:04:45.090026
http://eciresults.ap.nic.in/ConstituencywiseS031.htm?ac=1,45,S03,1,2014-05-16 11:04:45.090093
http://eciresults.ap.nic.in/ConstituencywiseS032.htm?ac=2,46,S03,2,2014-05-16 11:04:45.090119
http://eciresults.ap.nic.in/ConstituencywiseS033.htm?ac=3,47,S03,3,2014-05-16 11:04:45.090142
http://eciresults.ap.nic.in/ConstituencywiseS034.htm?ac=4,48,S03,4,2014-05-16 11:04:45.090167
http://eciresults.ap.nic.in/ConstituencywiseS035.htm?ac=5,49,S03,5,2014-05-16 11:04:45.090190
http://eciresults.ap.nic.in/ConstituencywiseS036.htm?ac=6,50,S03,6,2014-05-16 11:04:45.090215
http://eciresults.ap.nic.in/ConstituencywiseS037.htm?ac=7,51,S03,7,2014-05-16 11:04:45.090238
http://eciresults.ap.nic.in/ConstituencywiseS038.htm?ac=8,52,S03,8,2014-05-16 11:04:45.090263
http://eciresults.ap.nic.in/ConstituencywiseS039.htm?ac=9,53,S03,9,2014-05-16 11:04:45.090287
http://eciresults.ap.nic.in/ConstituencywiseS0310.htm?ac=10,54,S03,10,2014-05-16 11:04:45.090312
http://eciresults.ap.nic.in/ConstituencywiseS0311.htm?ac=11,55,S03,11,2014-05-16 11:04:45.090335
http://eciresults.ap.nic.in/ConstituencywiseS0312.htm?ac=12,56,S03,12,2014-05-16 11:04:45.090359
http://eciresults.ap.nic.in/ConstituencywiseS0313.htm?ac=13,57,S03,13,2014-05-16 11:04:45.090384
http://eciresults.ap.nic.in/ConstituencywiseS0314.htm?ac=14,58,S03,14,2014-05-16 11:04:45.090407
http://eciresults.ap.nic.in/ConstituencywiseS041.htm?ac=1,61,S04,1,2014-05-16 11:04:45.090430
http://eciresults.ap.nic.in/ConstituencywiseS042.htm?ac=2,62,S04,2,2014-05-16 11:04:45.090455
http://eciresults.ap.nic.in/ConstituencywiseS043.htm?ac=3,63,S04,3,2014-05-16 11:04:45.090479
http://eciresults.ap.nic.in/ConstituencywiseS044.htm?ac=4,64,S04,4,2014-05-16 11:04:45.090502
http://eciresults.ap.nic.in/ConstituencywiseS045.htm?ac=5,65,S04,5,2014-05-16 11:04:45.090527
http://eciresults.ap.nic.in/ConstituencywiseS046.htm?ac=6,66,S04,6,2014-05-16 11:04:45.090550
http://eciresults.ap.nic.in/ConstituencywiseS047.htm?ac=7,67,S04,7,2014-05-16 11:04:45.090574
http://eciresults.ap.nic.in/ConstituencywiseS048.htm?ac=8,68,S04,8,2014-05-16 11:04:45.090598
http://eciresults.ap.nic.in/ConstituencywiseS049.htm?ac=9,69,S04,9,2014-05-16 11:04:45.090622
http://eciresults.ap.nic.in/ConstituencywiseS0410.htm?ac=10,70,S04,10,2014-05-16 11:04:45.090645
http://eciresults.ap.nic.in/ConstituencywiseS0411.htm?ac=11,71,S04,11,2014-05-16 11:04:45.090670
http://eciresults.ap.nic.in/ConstituencywiseS0412.htm?ac=12,72,S04,12,2014-05-16 11:04:45.090694
http://eciresults.ap.nic.in/ConstituencywiseS0413.htm?ac=13,73,S04,13,2014-05-16 11:04:45.090717
http://eciresults.ap.nic.in/ConstituencywiseS0414.htm?ac=14,80,S04,14,2014-05-16 11:04:45.090742
http://eciresults.ap.nic.in/ConstituencywiseS0415.htm?ac=15,81,S04,15,2014-05-16 11:04:45.090765
http://eciresults.ap.nic.in/ConstituencywiseS0416.htm?ac=16,82,S04,16,2014-05-16 11:04:45.090789
http://eciresults.ap.nic.in/ConstituencywiseS0417.htm?ac=17,83,S04,17,2014-05-16 11:04:45.090814
http://eciresults.ap.nic.in/ConstituencywiseS0418.htm?ac=18,84,S04,18,2014-05-16 11:04:45.090837
http://eciresults.ap.nic.in/ConstituencywiseS0419.htm?ac=19,85,S04,19,2014-05-16 11:04:45.090884
http://eciresults.ap.nic.in/ConstituencywiseS0420.htm?ac=20,103,S04,20,2014-05-16 11:04:45.090921
http://eciresults.ap.nic.in/ConstituencywiseS0421.htm?ac=21,104,S04,21,2014-05-16 11:04:45.090946
http://eciresults.ap.nic.in/ConstituencywiseS0422.htm?ac=22,105,S04,22,2014-05-16 11:04:45.090970
http://eciresults.ap.nic.in/ConstituencywiseS0423.htm?ac=23,106,S04,23,2014-05-16 11:04:45.090994
http://eciresults.ap.nic.in/ConstituencywiseS0424.htm?ac=24,107,S04,24,2014-05-16 11:04:45.091018
http://eciresults.ap.nic.in/ConstituencywiseS0425.htm?ac=25,108,S04,25,2014-05-16 11:04:45.091043
http://eciresults.ap.nic.in/ConstituencywiseS0426.htm?ac=26,120,S04,26,2014-05-16 11:04:45.091067
http://eciresults.ap.nic.in/ConstituencywiseS0427.htm?ac=27,121,S04,27,2014-05-16 11:04:45.091090
http://eciresults.ap.nic.in/ConstituencywiseS0428.htm?ac=28,122,S04,28,2014-05-16 11:04:45.091116
http://eciresults.ap.nic.in/ConstituencywiseS0429.htm?ac=29,123,S04,29,2014-05-16 11:04:45.091420
http://eciresults.ap.nic.in/ConstituencywiseS0430.htm?ac=30,124,S04,30,2014-05-16 11:04:45.091479
http://eciresults.ap.nic.in/ConstituencywiseS0431.htm?ac=31,125,S04,31,2014-05-16 11:04:45.091503
http://eciresults.ap.nic.in/ConstituencywiseS0432.htm?ac=32,126,S04,32,2014-05-16 11:04:45.091527
http://eciresults.ap.nic.in/ConstituencywiseS0433.htm?ac=33,133,S04,33,2014-05-16 11:04:45.091551
http://eciresults.ap.nic.in/ConstituencywiseS0434.htm?ac=34,134,S04,34,2014-05-16 11:04:45.091576
http://eciresults.ap.nic.in/ConstituencywiseS0435.htm?ac=35,135,S04,35,2014-05-16 11:04:45.091600
http://eciresults.ap.nic.in/ConstituencywiseS0436.htm?ac=36,136,S04,36,2014-05-16 11:04:45.091624
http://eciresults.ap.nic.in/ConstituencywiseS0437.htm?ac=37,137,S04,37,2014-05-16 11:04:45.091649
http://eciresults.ap.nic.in/ConstituencywiseS0438.htm?ac=38,138,S04,38,2014-05-16 11:04:45.091672
http://eciresults.ap.nic.in/ConstituencywiseS0439.htm?ac=39,142,S04,39,2014-05-16 11:04:45.091708
http://eciresults.ap.nic.in/ConstituencywiseS0440.htm?ac=40,143,S04,40,2014-05-16 11:04:45.091741
http://eciresults.ap.nic.in/ConstituencywiseS051.htm?ac=1,59,S05,1,2014-05-16 11:04:45.091765
http://eciresults.ap.nic.in/ConstituencywiseS052.htm?ac=2,60,S05,2,2014-05-16 11:04:45.091789
http://eciresults.ap.nic.in/ConstituencywiseS061.htm?ac=1,74,S06,1,2014-05-16 11:04:45.091812
http://eciresults.ap.nic.in/ConstituencywiseS062.htm?ac=2,75,S06,2,2014-05-16 11:04:45.091837
http://eciresults.ap.nic.in/ConstituencywiseS063.htm?ac=3,77,S06,3,2014-05-16 11:04:45.091861
http://eciresults.ap.nic.in/ConstituencywiseS064.htm?ac=4,78,S06,4,2014-05-16 11:04:45.091885
http://eciresults.ap.nic.in/ConstituencywiseS065.htm?ac=5,79,S06,5,2014-05-16 11:04:45.091909
http://eciresults.ap.nic.in/ConstituencywiseS066.htm?ac=6,86,S06,6,2014-05-16 11:04:45.091933
http://eciresults.ap.nic.in/ConstituencywiseS067.htm?ac=7,87,S06,7,2014-05-16 11:04:45.091956
http://eciresults.ap.nic.in/ConstituencywiseS068.htm?ac=8,88,S06,8,2014-05-16 11:04:45.091981
http://eciresults.ap.nic.in/ConstituencywiseS069.htm?ac=9,89,S06,9,2014-05-16 11:04:45.092005
http://eciresults.ap.nic.in/ConstituencywiseS0610.htm?ac=10,90,S06,10,2014-05-16 11:04:45.092029
http://eciresults.ap.nic.in/ConstituencywiseS0611.htm?ac=11,91,S06,11,2014-05-16 11:04:45.092054
http://eciresults.ap.nic.in/ConstituencywiseS0612.htm?ac=12,110,S06,12,2014-05-16 11:04:45.092077
http://eciresults.ap.nic.in/ConstituencywiseS0613.htm?ac=13,111,S06,13,2014-05-16 11:04:45.092101
http://eciresults.ap.nic.in/ConstituencywiseS0614.htm?ac=14,112,S06,14,2014-05-16 11:04:45.092126
http://eciresults.ap.nic.in/ConstituencywiseS0615.htm?ac=15,113,S06,15,2014-05-16 11:04:45.092150
http://eciresults.ap.nic.in/ConstituencywiseS0616.htm?ac=16,114,S06,16,2014-05-16 11:04:45.092174
http://eciresults.ap.nic.in/ConstituencywiseS0617.htm?ac=17,115,S06,17,2014-05-16 11:04:45.092199
http://eciresults.ap.nic.in/ConstituencywiseS0618.htm?ac=18,127,S06,18,2014-05-16 11:04:45.092223
http://eciresults.ap.nic.in/ConstituencywiseS0619.htm?ac=19,128,S06,19,2014-05-16 11:04:45.092246
http://eciresults.ap.nic.in/ConstituencywiseS0620.htm?ac=20,129,S06,20,2014-05-16 11:04:45.092272
http://eciresults.ap.nic.in/ConstituencywiseS0621.htm?ac=21,130,S06,21,2014-05-16 11:04:45.092295
http://eciresults.ap.nic.in/ConstituencywiseS0622.htm?ac=22,131,S06,22,2014-05-16 11:04:45.092319
http://eciresults.ap.nic.in/ConstituencywiseS0623.htm?ac=23,132,S06,23,2014-05-16 11:04:45.092344
http://eciresults.ap.nic.in/ConstituencywiseS0624.htm?ac=24,139,S06,24,2014-05-16 11:04:45.092368
http://eciresults.ap.nic.in/ConstituencywiseS0625.htm?ac=25,140,S06,25,2014-05-16 11:04:45.092391
http://eciresults.ap.nic.in/ConstituencywiseS0626.htm?ac=26,141,S06,26,2014-05-16 11:04:45.092416
http://eciresults.ap.nic.in/ConstituencywiseS071.htm?ac=1,96,S07,1,2014-05-16 11:04:45.092440
http://eciresults.ap.nic.in/ConstituencywiseS072.htm?ac=2,97,S07,2,2014-05-16 11:04:45.092463
http://eciresults.ap.nic.in/ConstituencywiseS073.htm?ac=3,98,S07,3,2014-05-16 11:04:45.092634
http://eciresults.ap.nic.in/ConstituencywiseS074.htm?ac=4,99,S07,4,2014-05-16 11:04:45.092684
http://eciresults.ap.nic.in/ConstituencywiseS075.htm?ac=5,100,S07,5,2014-05-16 11:04:45.092708
http://eciresults.ap.nic.in/ConstituencywiseS076.htm?ac=6,101,S07,6,2014-05-16 11:04:45.092733
http://eciresults.ap.nic.in/ConstituencywiseS077.htm?ac=7,116,S07,7,2014-05-16 11:04:45.092783
http://eciresults.ap.nic.in/ConstituencywiseS078.htm?ac=8,117,S07,8,2014-05-16 11:04:45.092817
http://eciresults.ap.nic.in/ConstituencywiseS079.htm?ac=9,118,S07,9,2014-05-16 11:04:45.092849
http://eciresults.ap.nic.in/ConstituencywiseS0710.htm?ac=10,119,S07,10,2014-05-16 11:04:45.092880
http://eciresults.ap.nic.in/ConstituencywiseS081.htm?ac=1,92,S08,1,2014-05-16 11:04:45.092912
http://eciresults.ap.nic.in/ConstituencywiseS082.htm?ac=2,93,S08,2,2014-05-16 11:04:45.092945
http://eciresults.ap.nic.in/ConstituencywiseS083.htm?ac=3,94,S08,3,2014-05-16 11:04:45.092976
http://eciresults.ap.nic.in/ConstituencywiseS084.htm?ac=4,95,S08,4,2014-05-16 11:04:45.093007
http://eciresults.ap.nic.in/ConstituencywiseS091.htm?ac=1,144,S09,1,2014-05-16 11:04:45.093040
http://eciresults.ap.nic.in/ConstituencywiseS092.htm?ac=2,145,S09,2,2014-05-16 11:04:45.093072
http://eciresults.ap.nic.in/ConstituencywiseS093.htm?ac=3,146,S09,3,2014-05-16 11:04:45.093103
http://eciresults.ap.nic.in/ConstituencywiseS094.htm?ac=4,147,S09,4,2014-05-16 11:04:45.093136
http://eciresults.ap.nic.in/ConstituencywiseS095.htm?ac=5,148,S09,5,2014-05-16 11:04:45.093167
http://eciresults.ap.nic.in/ConstituencywiseS096.htm?ac=6,149,S09,6,2014-05-16 11:04:45.093198
http://eciresults.ap.nic.in/ConstituencywiseS101.htm?ac=1,161,S10,1,2014-05-16 11:04:45.093231
http://eciresults.ap.nic.in/ConstituencywiseS102.htm?ac=2,169,S10,2,2014-05-16 11:04:45.093262
http://eciresults.ap.nic.in/ConstituencywiseS103.htm?ac=3,170,S10,3,2014-05-16 11:04:45.093294
http://eciresults.ap.nic.in/ConstituencywiseS104.htm?ac=4,171,S10,4,2014-05-16 11:04:45.093327
http://eciresults.ap.nic.in/ConstituencywiseS105.htm?ac=5,172,S10,5,2014-05-16 11:04:45.093358
http://eciresults.ap.nic.in/ConstituencywiseS106.htm?ac=6,173,S10,6,2014-05-16 11:04:45.093389
http://eciresults.ap.nic.in/ConstituencywiseS107.htm?ac=7,174,S10,7,2014-05-16 11:04:45.093423
http://eciresults.ap.nic.in/ConstituencywiseS108.htm?ac=8,175,S10,8,2014-05-16 11:04:45.093454
http://eciresults.ap.nic.in/ConstituencywiseS109.htm?ac=9,176,S10,9,2014-05-16 11:04:45.093485
http://eciresults.ap.nic.in/ConstituencywiseS1010.htm?ac=10,190,S10,10,2014-05-16 11:04:45.093518
http://eciresults.ap.nic.in/ConstituencywiseS1011.htm?ac=11,191,S10,11,2014-05-16 11:04:45.093549
http://eciresults.ap.nic.in/ConstituencywiseS1012.htm?ac=12,192,S10,12,2014-05-16 11:04:45.093581
http://eciresults.ap.nic.in/ConstituencywiseS1013.htm?ac=13,193,S10,13,2014-05-16 11:04:45.093613
http://eciresults.ap.nic.in/ConstituencywiseS1014.htm?ac=14,194,S10,14,2014-05-16 11:04:45.093644
http://eciresults.ap.nic.in/ConstituencywiseS1015.htm?ac=15,195,S10,15,2014-05-16 11:04:45.093676
http://eciresults.ap.nic.in/ConstituencywiseS1016.htm?ac=16,196,S10,16,2014-05-16 11:04:45.093709
http://eciresults.ap.nic.in/ConstituencywiseS1017.htm?ac=17,204,S10,17,2014-05-16 11:04:45.093741
http://eciresults.ap.nic.in/ConstituencywiseS1018.htm?ac=18,205,S10,18,2014-05-16 11:04:45.093772
http://eciresults.ap.nic.in/ConstituencywiseS1019.htm?ac=19,206,S10,19,2014-05-16 11:04:45.093805
http://eciresults.ap.nic.in/ConstituencywiseS1020.htm?ac=20,207,S10,20,2014-05-16 11:04:45.093837
http://eciresults.ap.nic.in/ConstituencywiseS1021.htm?ac=21,208,S10,21,2014-05-16 11:04:45.093868
http://eciresults.ap.nic.in/ConstituencywiseS1022.htm?ac=22,209,S10,22,2014-05-16 11:04:45.093901
http://eciresults.ap.nic.in/ConstituencywiseS1023.htm?ac=23,210,S10,23,2014-05-16 11:04:45.093932
http://eciresults.ap.nic.in/ConstituencywiseS1024.htm?ac=24,218,S10,24,2014-05-16 11:04:45.093963
http://eciresults.ap.nic.in/ConstituencywiseS1025.htm?ac=25,219,S10,25,2014-05-16 11:04:45.093996
http://eciresults.ap.nic.in/ConstituencywiseS1026.htm?ac=26,220,S10,26,2014-05-16 11:04:45.094240
http://eciresults.ap.nic.in/ConstituencywiseS1027.htm?ac=27,221,S10,27,2014-05-16 11:04:45.094295
http://eciresults.ap.nic.in/ConstituencywiseS1028.htm?ac=28,222,S10,28,2014-05-16 11:04:45.094327
http://eciresults.ap.nic.in/ConstituencywiseS111.htm?ac=1,154,S11,1,2014-05-16 11:04:45.094360
http://eciresults.ap.nic.in/ConstituencywiseS112.htm?ac=2,155,S11,2,2014-05-16 11:04:45.094391
http://eciresults.ap.nic.in/ConstituencywiseS113.htm?ac=3,156,S11,3,2014-05-16 11:04:45.094423
http://eciresults.ap.nic.in/ConstituencywiseS114.htm?ac=4,157,S11,4,2014-05-16 11:04:45.094454
http://eciresults.ap.nic.in/ConstituencywiseS115.htm?ac=5,158,S11,5,2014-05-16 11:04:45.094487
http://eciresults.ap.nic.in/ConstituencywiseS116.htm?ac=6,159,S11,6,2014-05-16 11:04:45.094525
http://eciresults.ap.nic.in/ConstituencywiseS117.htm?ac=7,160,S11,7,2014-05-16 11:04:45.094569
http://eciresults.ap.nic.in/ConstituencywiseS118.htm?ac=8,162,S11,8,2014-05-16 11:04:45.094601
http://eciresults.ap.nic.in/ConstituencywiseS119.htm?ac=9,163,S11,9,2014-05-16 11:04:45.094633
http://eciresults.ap.nic.in/ConstituencywiseS1110.htm?ac=10,164,S11,10,2014-05-16 11:04:45.094664
http://eciresults.ap.nic.in/ConstituencywiseS1111.htm?ac=11,165,S11,11,2014-05-16 11:04:45.094697
http://eciresults.ap.nic.in/ConstituencywiseS1112.htm?ac=12,166,S11,12,2014-05-16 11:04:45.094729
http://eciresults.ap.nic.in/ConstituencywiseS1113.htm?ac=13,167,S11,13,2014-05-16 11:04:45.094760
http://eciresults.ap.nic.in/ConstituencywiseS1114.htm?ac=14,168,S11,14,2014-05-16 11:04:45.094791
http://eciresults.ap.nic.in/ConstituencywiseS1115.htm?ac=15,184,S11,15,2014-05-16 11:04:45.094823
http://eciresults.ap.nic.in/ConstituencywiseS1116.htm?ac=16,185,S11,16,2014-05-16 11:04:45.094854
http://eciresults.ap.nic.in/ConstituencywiseS1117.htm?ac=17,186,S11,17,2014-05-16 11:04:45.094885
http://eciresults.ap.nic.in/ConstituencywiseS1118.htm?ac=18,187,S11,18,2014-05-16 11:04:45.094919
http://eciresults.ap.nic.in/ConstituencywiseS1119.htm?ac=19,188,S11,19,2014-05-16 11:04:45.094950
http://eciresults.ap.nic.in/ConstituencywiseS1120.htm?ac=20,189,S11,20,2014-05-16 11:04:45.094981
http://eciresults.ap.nic.in/ConstituencywiseS121.htm?ac=1,177,S12,1,2014-05-16 11:04:45.095015
http://eciresults.ap.nic.in/ConstituencywiseS122.htm?ac=2,178,S12,2,2014-05-16 11:04:45.095046
http://eciresults.ap.nic.in/ConstituencywiseS123.htm?ac=3,179,S12,3,2014-05-16 11:04:45.095078
http://eciresults.ap.nic.in/ConstituencywiseS124.htm?ac=4,180,S12,4,2014-05-16 11:04:45.095111
http://eciresults.ap.nic.in/ConstituencywiseS125.htm?ac=5,181,S12,5,2014-05-16 11:04:45.095142
http://eciresults.ap.nic.in/ConstituencywiseS126.htm?ac=6,182,S12,6,2014-05-16 11:04:45.095173
http://eciresults.ap.nic.in/ConstituencywiseS127.htm?ac=7,183,S12,7,2014-05-16 11:04:45.095206
http://eciresults.ap.nic.in/ConstituencywiseS128.htm?ac=8,197,S12,8,2014-05-16 11:04:45.095238
http://eciresults.ap.nic.in/ConstituencywiseS129.htm?ac=9,198,S12,9,2014-05-16 11:04:45.095269
http://eciresults.ap.nic.in/ConstituencywiseS1210.htm?ac=10,199,S12,10,2014-05-16 11:04:45.095302
http://eciresults.ap.nic.in/ConstituencywiseS1211.htm?ac=11,200,S12,11,2014-05-16 11:04:45.095334
http://eciresults.ap.nic.in/ConstituencywiseS1212.htm?ac=12,201,S12,12,2014-05-16 11:04:45.095365
http://eciresults.ap.nic.in/ConstituencywiseS1213.htm?ac=13,202,S12,13,2014-05-16 11:04:45.095397
http://eciresults.ap.nic.in/ConstituencywiseS1214.htm?ac=14,203,S12,14,2014-05-16 11:04:45.095429
http://eciresults.ap.nic.in/ConstituencywiseS1215.htm?ac=15,211,S12,15,2014-05-16 11:04:45.095460
http://eciresults.ap.nic.in/ConstituencywiseS1216.htm?ac=16,212,S12,16,2014-05-16 11:04:45.095491
http://eciresults.ap.nic.in/ConstituencywiseS1217.htm?ac=17,213,S12,17,2014-05-16 11:04:45.095522
http://eciresults.ap.nic.in/ConstituencywiseS1218.htm?ac=18,214,S12,18,2014-05-16 11:04:45.095553
http://eciresults.ap.nic.in/ConstituencywiseS1219.htm?ac=19,215,S12,19,2014-05-16 11:04:45.095585
http://eciresults.ap.nic.in/ConstituencywiseS1220.htm?ac=20,216,S12,20,2014-05-16 11:04:45.095802
http://eciresults.ap.nic.in/ConstituencywiseS1221.htm?ac=21,217,S12,21,2014-05-16 11:04:45.095859
http://eciresults.ap.nic.in/ConstituencywiseS1222.htm?ac=22,223,S12,22,2014-05-16 11:04:45.095891
http://eciresults.ap.nic.in/ConstituencywiseS1223.htm?ac=23,224,S12,23,2014-05-16 11:04:45.095923
http://eciresults.ap.nic.in/ConstituencywiseS1224.htm?ac=24,225,S12,24,2014-05-16 11:04:45.095954
http://eciresults.ap.nic.in/ConstituencywiseS1225.htm?ac=25,226,S12,25,2014-05-16 11:04:45.095985
http://eciresults.ap.nic.in/ConstituencywiseS1226.htm?ac=26,227,S12,26,2014-05-16 11:04:45.096016
http://eciresults.ap.nic.in/ConstituencywiseS1226.htm?ac=26,228,S12,26,2014-05-16 11:04:45.096047
http://eciresults.ap.nic.in/ConstituencywiseS1227.htm?ac=27,229,S12,27,2014-05-16 11:04:45.096078
http://eciresults.ap.nic.in/ConstituencywiseS1229.htm?ac=29,230,S12,29,2014-05-16 11:04:45.096110
http://eciresults.ap.nic.in/ConstituencywiseS131.htm?ac=1,231,S13,1,2014-05-16 11:04:45.096141
http://eciresults.ap.nic.in/ConstituencywiseS132.htm?ac=2,232,S13,2,2014-05-16 11:04:45.096173
http://eciresults.ap.nic.in/ConstituencywiseS133.htm?ac=3,233,S13,3,2014-05-16 11:04:45.096204
http://eciresults.ap.nic.in/ConstituencywiseS134.htm?ac=4,234,S13,4,2014-05-16 11:04:45.096235
http://eciresults.ap.nic.in/ConstituencywiseS135.htm?ac=5,235,S13,5,2014-05-16 11:04:45.096266
http://eciresults.ap.nic.in/ConstituencywiseS136.htm?ac=6,236,S13,6,2014-05-16 11:04:45.096297
http://eciresults.ap.nic.in/ConstituencywiseS137.htm?ac=7,237,S13,7,2014-05-16 11:04:45.096328
http://eciresults.ap.nic.in/ConstituencywiseS138.htm?ac=8,238,S13,8,2014-05-16 11:04:45.096359
http://eciresults.ap.nic.in/ConstituencywiseS139.htm?ac=9,239,S13,9,2014-05-16 11:04:45.096391
http://eciresults.ap.nic.in/ConstituencywiseS1310.htm?ac=10,240,S13,10,2014-05-16 11:04:45.096422
http://eciresults.ap.nic.in/ConstituencywiseS1311.htm?ac=11,241,S13,11,2014-05-16 11:04:45.096454
http://eciresults.ap.nic.in/ConstituencywiseS1312.htm?ac=12,242,S13,12,2014-05-16 11:04:45.096485
http://eciresults.ap.nic.in/ConstituencywiseS1313.htm?ac=13,243,S13,13,2014-05-16 11:04:45.096517
http://eciresults.ap.nic.in/ConstituencywiseS1314.htm?ac=14,244,S13,14,2014-05-16 11:04:45.096548
http://eciresults.ap.nic.in/ConstituencywiseS1315.htm?ac=15,245,S13,15,2014-05-16 11:04:45.096592
http://eciresults.ap.nic.in/ConstituencywiseS1316.htm?ac=16,246,S13,16,2014-05-16 11:04:45.096643
http://eciresults.ap.nic.in/ConstituencywiseS1317.htm?ac=17,247,S13,17,2014-05-16 11:04:45.096697
http://eciresults.ap.nic.in/ConstituencywiseS1318.htm?ac=18,248,S13,18,2014-05-16 11:04:45.096760
http://eciresults.ap.nic.in/ConstituencywiseS1319.htm?ac=19,249,S13,19,2014-05-16 11:04:45.096806
http://eciresults.ap.nic.in/ConstituencywiseS1320.htm?ac=20,250,S13,20,2014-05-16 11:04:45.096839
http://eciresults.ap.nic.in/ConstituencywiseS1321.htm?ac=21,251,S13,21,2014-05-16 11:04:45.096871
http://eciresults.ap.nic.in/ConstituencywiseS1322.htm?ac=22,252,S13,22,2014-05-16 11:04:45.096904
http://eciresults.ap.nic.in/ConstituencywiseS1323.htm?ac=23,253,S13,23,2014-05-16 11:04:45.096935
http://eciresults.ap.nic.in/ConstituencywiseS1324.htm?ac=24,254,S13,24,2014-05-16 11:04:45.096967
http://eciresults.ap.nic.in/ConstituencywiseS1325.htm?ac=25,255,S13,25,2014-05-16 11:04:45.096999
http://eciresults.ap.nic.in/ConstituencywiseS1326.htm?ac=26,256,S13,26,2014-05-16 11:04:45.097031
http://eciresults.ap.nic.in/ConstituencywiseS1327.htm?ac=27,257,S13,27,2014-05-16 11:04:45.097063
http://eciresults.ap.nic.in/ConstituencywiseS1328.htm?ac=28,258,S13,28,2014-05-16 11:04:45.097095
http://eciresults.ap.nic.in/ConstituencywiseS1329.htm?ac=29,259,S13,29,2014-05-16 11:04:45.097126
http://eciresults.ap.nic.in/ConstituencywiseS1330.htm?ac=30,260,S13,30,2014-05-16 11:04:45.097158
http://eciresults.ap.nic.in/ConstituencywiseS1331.htm?ac=31,261,S13,31,2014-05-16 11:04:45.097189
http://eciresults.ap.nic.in/ConstituencywiseS1332.htm?ac=32,262,S13,32,2014-05-16 11:04:45.097221
http://eciresults.ap.nic.in/ConstituencywiseS1333.htm?ac=33,263,S13,33,2014-05-16 11:04:45.097482
http://eciresults.ap.nic.in/ConstituencywiseS1334.htm?ac=34,264,S13,34,2014-05-16 11:04:45.097536
http://eciresults.ap.nic.in/ConstituencywiseS1335.htm?ac=35,265,S13,35,2014-05-16 11:04:45.097569
http://eciresults.ap.nic.in/ConstituencywiseS1336.htm?ac=36,266,S13,36,2014-05-16 11:04:45.097600
http://eciresults.ap.nic.in/ConstituencywiseS1337.htm?ac=37,267,S13,37,2014-05-16 11:04:45.097632
http://eciresults.ap.nic.in/ConstituencywiseS1338.htm?ac=38,268,S13,38,2014-05-16 11:04:45.097663
http://eciresults.ap.nic.in/ConstituencywiseS1339.htm?ac=39,269,S13,39,2014-05-16 11:04:45.097695
http://eciresults.ap.nic.in/ConstituencywiseS1340.htm?ac=40,270,S13,40,2014-05-16 11:04:45.097726
http://eciresults.ap.nic.in/ConstituencywiseS1341.htm?ac=41,271,S13,41,2014-05-16 11:04:45.097758
http://eciresults.ap.nic.in/ConstituencywiseS1342.htm?ac=42,272,S13,42,2014-05-16 11:04:45.097790
http://eciresults.ap.nic.in/ConstituencywiseS1343.htm?ac=43,273,S13,43,2014-05-16 11:04:45.097821
http://eciresults.ap.nic.in/ConstituencywiseS1344.htm?ac=44,274,S13,44,2014-05-16 11:04:45.097853
http://eciresults.ap.nic.in/ConstituencywiseS1345.htm?ac=45,275,S13,45,2014-05-16 11:04:45.097885
http://eciresults.ap.nic.in/ConstituencywiseS1346.htm?ac=46,276,S13,46,2014-05-16 11:04:45.097917
http://eciresults.ap.nic.in/ConstituencywiseS1347.htm?ac=47,277,S13,47,2014-05-16 11:04:45.097948
http://eciresults.ap.nic.in/ConstituencywiseS1348.htm?ac=48,278,S13,48,2014-05-16 11:04:45.097981
http://eciresults.ap.nic.in/ConstituencywiseS141.htm?ac=1,150,S14,1,2014-05-16 11:04:45.098013
http://eciresults.ap.nic.in/ConstituencywiseS142.htm?ac=2,151,S14,2,2014-05-16 11:04:45.098051
http://eciresults.ap.nic.in/ConstituencywiseS151.htm?ac=1,152,S15,1,2014-05-16 11:04:45.098105
http://eciresults.ap.nic.in/ConstituencywiseS152.htm?ac=2,153,S15,2,2014-05-16 11:04:45.098160
http://eciresults.ap.nic.in/ConstituencywiseS161.htm?ac=1,279,S16,1,2014-05-16 11:04:45.098203
http://eciresults.ap.nic.in/ConstituencywiseS171.htm?ac=1,317,S17,1,2014-05-16 11:04:45.098235
http://eciresults.ap.nic.in/ConstituencywiseS181.htm?ac=1,280,S18,1,2014-05-16 11:04:45.098267
http://eciresults.ap.nic.in/ConstituencywiseS182.htm?ac=2,281,S18,2,2014-05-16 11:04:45.098299
http://eciresults.ap.nic.in/ConstituencywiseS183.htm?ac=3,282,S18,3,2014-05-16 11:04:45.098330
http://eciresults.ap.nic.in/ConstituencywiseS184.htm?ac=4,283,S18,4,2014-05-16 11:04:45.098362
http://eciresults.ap.nic.in/ConstituencywiseS185.htm?ac=5,284,S18,5,2014-05-16 11:04:45.098393
http://eciresults.ap.nic.in/ConstituencywiseS186.htm?ac=6,285,S18,6,2014-05-16 11:04:45.098425
http://eciresults.ap.nic.in/ConstituencywiseS187.htm?ac=7,286,S18,7,2014-05-16 11:04:45.098457
http://eciresults.ap.nic.in/ConstituencywiseS188.htm?ac=8,287,S18,8,2014-05-16 11:04:45.098489
http://eciresults.ap.nic.in/ConstituencywiseS189.htm?ac=9,288,S18,9,2014-05-16 11:04:45.098520
http://eciresults.ap.nic.in/ConstituencywiseS1810.htm?ac=10,295,S18,10,2014-05-16 11:04:45.098552
http://eciresults.ap.nic.in/ConstituencywiseS1811.htm?ac=11,296,S18,11,2014-05-16 11:04:45.098584
http://eciresults.ap.nic.in/ConstituencywiseS1812.htm?ac=12,297,S18,12,2014-05-16 11:04:45.098616
http://eciresults.ap.nic.in/ConstituencywiseS1813.htm?ac=13,298,S18,13,2014-05-16 11:04:45.098647
http://eciresults.ap.nic.in/ConstituencywiseS1814.htm?ac=14,299,S18,14,2014-05-16 11:04:45.098679
http://eciresults.ap.nic.in/ConstituencywiseS1815.htm?ac=15,300,S18,15,2014-05-16 11:04:45.098711
http://eciresults.ap.nic.in/ConstituencywiseS1816.htm?ac=16,301,S18,16,2014-05-16 11:04:45.098742
http://eciresults.ap.nic.in/ConstituencywiseS1817.htm?ac=17,318,S18,17,2014-05-16 11:04:45.098774
http://eciresults.ap.nic.in/ConstituencywiseS1818.htm?ac=18,319,S18,18,2014-05-16 11:04:45.098805
http://eciresults.ap.nic.in/ConstituencywiseS1819.htm?ac=19,320,S18,19,2014-05-16 11:04:45.098837
http://eciresults.ap.nic.in/ConstituencywiseS1820.htm?ac=20,321,S18,20,2014-05-16 11:04:45.098869
http://eciresults.ap.nic.in/ConstituencywiseS1821.htm?ac=21,322,S18,21,2014-05-16 11:04:45.098901
http://eciresults.ap.nic.in/ConstituencywiseS191.htm?ac=1,289,S19,1,2014-05-16 11:04:45.099104
http://eciresults.ap.nic.in/ConstituencywiseS192.htm?ac=2,290,S19,2,2014-05-16 11:04:45.099159
http://eciresults.ap.nic.in/ConstituencywiseS193.htm?ac=3,291,S19,3,2014-05-16 11:04:45.099191
http://eciresults.ap.nic.in/ConstituencywiseS194.htm?ac=4,292,S19,4,2014-05-16 11:04:45.099223
http://eciresults.ap.nic.in/ConstituencywiseS195.htm?ac=5,293,S19,5,2014-05-16 11:04:45.099255
http://eciresults.ap.nic.in/ConstituencywiseS196.htm?ac=6,294,S19,6,2014-05-16 11:04:45.099286
http://eciresults.ap.nic.in/ConstituencywiseS197.htm?ac=7,302,S19,7,2014-05-16 11:04:45.099318
http://eciresults.ap.nic.in/ConstituencywiseS198.htm?ac=8,303,S19,8,2014-05-16 11:04:45.099349
http://eciresults.ap.nic.in/ConstituencywiseS199.htm?ac=9,304,S19,9,2014-05-16 11:04:45.099380
http://eciresults.ap.nic.in/ConstituencywiseS1910.htm?ac=10,305,S19,10,2014-05-16 11:04:45.099412
http://eciresults.ap.nic.in/ConstituencywiseS1911.htm?ac=11,306,S19,11,2014-05-16 11:04:45.099444
http://eciresults.ap.nic.in/ConstituencywiseS1912.htm?ac=12,307,S19,12,2014-05-16 11:04:45.099475
http://eciresults.ap.nic.in/ConstituencywiseS1913.htm?ac=13,308,S19,13,2014-05-16 11:04:45.099507
http://eciresults.ap.nic.in/ConstituencywiseS201.htm?ac=1,330,S20,1,2014-05-16 11:04:45.099538
http://eciresults.ap.nic.in/ConstituencywiseS202.htm?ac=2,331,S20,2,2014-05-16 11:04:45.099569
http://eciresults.ap.nic.in/ConstituencywiseS203.htm?ac=3,332,S20,3,2014-05-16 11:04:45.099601
http://eciresults.ap.nic.in/ConstituencywiseS204.htm?ac=4,333,S20,4,2014-05-16 11:04:45.099632
http://eciresults.ap.nic.in/ConstituencywiseS205.htm?ac=5,334,S20,5,2014-05-16 11:04:45.099664
http://eciresults.ap.nic.in/ConstituencywiseS206.htm?ac=6,335,S20,6,2014-05-16 11:04:45.099696
http://eciresults.ap.nic.in/ConstituencywiseS207.htm?ac=7,336,S20,7,2014-05-16 11:04:45.099727
http://eciresults.ap.nic.in/ConstituencywiseS208.htm?ac=8,346,S20,8,2014-05-16 11:04:45.099758
http://eciresults.ap.nic.in/ConstituencywiseS209.htm?ac=9,347,S20,9,2014-05-16 11:04:45.099790
http://eciresults.ap.nic.in/ConstituencywiseS2010.htm?ac=10,348,S20,10,2014-05-16 11:04:45.099821
http://eciresults.ap.nic.in/ConstituencywiseS2011.htm?ac=11,349,S20,11,2014-05-16 11:04:45.099853
http://eciresults.ap.nic.in/ConstituencywiseS2012.htm?ac=12,350,S20,12,2014-05-16 11:04:45.099884
http://eciresults.ap.nic.in/ConstituencywiseS2013.htm?ac=13,351,S20,13,2014-05-16 11:04:45.099917
http://eciresults.ap.nic.in/ConstituencywiseS2014.htm?ac=14,352,S20,14,2014-05-16 11:04:45.099949
http://eciresults.ap.nic.in/ConstituencywiseS2015.htm?ac=15,360,S20,15,2014-05-16 11:04:45.099980
http://eciresults.ap.nic.in/ConstituencywiseS2016.htm?ac=16,361,S20,16,2014-05-16 11:04:45.100012
http://eciresults.ap.nic.in/ConstituencywiseS2017.htm?ac=17,362,S20,17,2014-05-16 11:04:45.100044
http://eciresults.ap.nic.in/ConstituencywiseS2018.htm?ac=18,363,S20,18,2014-05-16 11:04:45.100075
http://eciresults.ap.nic.in/ConstituencywiseS2019.htm?ac=19,364,S20,19,2014-05-16 11:04:45.100107
http://eciresults.ap.nic.in/ConstituencywiseS2020.htm?ac=20,365,S20,20,2014-05-16 11:04:45.100138
http://eciresults.ap.nic.in/ConstituencywiseS2021.htm?ac=21,366,S20,21,2014-05-16 11:04:45.100171
http://eciresults.ap.nic.in/ConstituencywiseS2022.htm?ac=22,367,S20,22,2014-05-16 11:04:45.100202
http://eciresults.ap.nic.in/ConstituencywiseS2023.htm?ac=23,375,S20,23,2014-05-16 11:04:45.100234
http://eciresults.ap.nic.in/ConstituencywiseS2024.htm?ac=24,376,S20,24,2014-05-16 11:04:45.100265
http://eciresults.ap.nic.in/ConstituencywiseS2025.htm?ac=25,377,S20,25,2014-05-16 11:04:45.100296
http://eciresults.ap.nic.in/ConstituencywiseS211.htm?ac=1,309,S21,1,2014-05-16 11:04:45.100328
http://eciresults.ap.nic.in/ConstituencywiseS221.htm?ac=1,310,S22,1,2014-05-16 11:04:45.100359
http://eciresults.ap.nic.in/ConstituencywiseS222.htm?ac=2,311,S22,2,2014-05-16 11:04:45.100390
http://eciresults.ap.nic.in/ConstituencywiseS223.htm?ac=3,312,S22,3,2014-05-16 11:04:45.100422
http://eciresults.ap.nic.in/ConstituencywiseS224.htm?ac=4,313,S22,4,2014-05-16 11:04:45.100671
http://eciresults.ap.nic.in/ConstituencywiseS225.htm?ac=5,314,S22,5,2014-05-16 11:04:45.100730
http://eciresults.ap.nic.in/ConstituencywiseS226.htm?ac=6,315,S22,6,2014-05-16 11:04:45.100773
http://eciresults.ap.nic.in/ConstituencywiseS227.htm?ac=7,316,S22,7,2014-05-16 11:04:45.100805
http://eciresults.ap.nic.in/ConstituencywiseS228.htm?ac=8,323,S22,8,2014-05-16 11:04:45.100837
http://eciresults.ap.nic.in/ConstituencywiseS229.htm?ac=9,324,S22,9,2014-05-16 11:04:45.100868
http://eciresults.ap.nic.in/ConstituencywiseS2210.htm?ac=10,325,S22,10,2014-05-16 11:04:45.100900
http://eciresults.ap.nic.in/ConstituencywiseS2211.htm?ac=11,326,S22,11,2014-05-16 11:04:45.100931
http://eciresults.ap.nic.in/ConstituencywiseS2212.htm?ac=12,327,S22,12,2014-05-16 11:04:45.100962
http://eciresults.ap.nic.in/ConstituencywiseS2213.htm?ac=13,328,S22,13,2014-05-16 11:04:45.100994
http://eciresults.ap.nic.in/ConstituencywiseS2214.htm?ac=14,329,S22,14,2014-05-16 11:04:45.101025
http://eciresults.ap.nic.in/ConstituencywiseS2215.htm?ac=15,339,S22,15,2014-05-16 11:04:45.101057
http://eciresults.ap.nic.in/ConstituencywiseS2216.htm?ac=16,340,S22,16,2014-05-16 11:04:45.101089
http://eciresults.ap.nic.in/ConstituencywiseS2218.htm?ac=18,341,S22,18,2014-05-16 11:04:45.101120
http://eciresults.ap.nic.in/ConstituencywiseS2218.htm?ac=18,342,S22,18,2014-05-16 11:04:45.101152
http://eciresults.ap.nic.in/ConstituencywiseS2219.htm?ac=19,343,S22,19,2014-05-16 11:04:45.101184
http://eciresults.ap.nic.in/ConstituencywiseS2220.htm?ac=20,344,S22,20,2014-05-16 11:04:45.101216
http://eciresults.ap.nic.in/ConstituencywiseS2221.htm?ac=21,345,S22,21,2014-05-16 11:04:45.101248
http://eciresults.ap.nic.in/ConstituencywiseS2222.htm?ac=22,353,S22,22,2014-05-16 11:04:45.101280
http://eciresults.ap.nic.in/ConstituencywiseS2223.htm?ac=23,354,S22,23,2014-05-16 11:04:45.101311
http://eciresults.ap.nic.in/ConstituencywiseS2224.htm?ac=24,355,S22,24,2014-05-16 11:04:45.101343
http://eciresults.ap.nic.in/ConstituencywiseS2225.htm?ac=25,356,S22,25,2014-05-16 11:04:45.101374
http://eciresults.ap.nic.in/ConstituencywiseS2226.htm?ac=26,357,S22,26,2014-05-16 11:04:45.101407
http://eciresults.ap.nic.in/ConstituencywiseS2227.htm?ac=27,358,S22,27,2014-05-16 11:04:45.101438
http://eciresults.ap.nic.in/ConstituencywiseS2228.htm?ac=28,359,S22,28,2014-05-16 11:04:45.101471
http://eciresults.ap.nic.in/ConstituencywiseS2229.htm?ac=29,368,S22,29,2014-05-16 11:04:45.101502
http://eciresults.ap.nic.in/ConstituencywiseS2231.htm?ac=31,369,S22,31,2014-05-16 11:04:45.101534
http://eciresults.ap.nic.in/ConstituencywiseS2232.htm?ac=32,370,S22,32,2014-05-16 11:04:45.101566
http://eciresults.ap.nic.in/ConstituencywiseS2233.htm?ac=33,371,S22,33,2014-05-16 11:04:45.101598
http://eciresults.ap.nic.in/ConstituencywiseS2233.htm?ac=33,372,S22,33,2014-05-16 11:04:45.101630
http://eciresults.ap.nic.in/ConstituencywiseS2234.htm?ac=34,373,S22,34,2014-05-16 11:04:45.101661
http://eciresults.ap.nic.in/ConstituencywiseS2235.htm?ac=35,374,S22,35,2014-05-16 11:04:45.101693
http://eciresults.ap.nic.in/ConstituencywiseS2236.htm?ac=36,378,S22,36,2014-05-16 11:04:45.101725
http://eciresults.ap.nic.in/ConstituencywiseS2237.htm?ac=37,379,S22,37,2014-05-16 11:04:45.101757
http://eciresults.ap.nic.in/ConstituencywiseS2238.htm?ac=38,380,S22,38,2014-05-16 11:04:45.101790
http://eciresults.ap.nic.in/ConstituencywiseS2239.htm?ac=39,381,S22,39,2014-05-16 11:04:45.101821
http://eciresults.ap.nic.in/ConstituencywiseS231.htm?ac=1,337,S23,1,2014-05-16 11:04:45.101853
http://eciresults.ap.nic.in/ConstituencywiseS232.htm?ac=2,338,S23,2,2014-05-16 11:04:45.101885
http://eciresults.ap.nic.in/ConstituencywiseS241.htm?ac=1,455,S24,1,2014-05-16 11:04:45.101917
http://eciresults.ap.nic.in/ConstituencywiseS242.htm?ac=2,456,S24,2,2014-05-16 11:04:45.101948
http://eciresults.ap.nic.in/ConstituencywiseS243.htm?ac=3,457,S24,3,2014-05-16 11:04:45.101980
http://eciresults.ap.nic.in/ConstituencywiseS244.htm?ac=4,458,S24,4,2014-05-16 11:04:45.102011
http://eciresults.ap.nic.in/ConstituencywiseS245.htm?ac=5,459,S24,5,2014-05-16 11:04:45.103582
http://eciresults.ap.nic.in/ConstituencywiseS246.htm?ac=6,460,S24,6,2014-05-16 11:04:45.103676
http://eciresults.ap.nic.in/ConstituencywiseS247.htm?ac=7,461,S24,7,2014-05-16 11:04:45.103736
http://eciresults.ap.nic.in/ConstituencywiseS248.htm?ac=8,462,S24,8,2014-05-16 11:04:45.103795
http://eciresults.ap.nic.in/ConstituencywiseS249.htm?ac=9,463,S24,9,2014-05-16 11:04:45.103853
http://eciresults.ap.nic.in/ConstituencywiseS2410.htm?ac=10,464,S24,10,2014-05-16 11:04:45.103910
http://eciresults.ap.nic.in/ConstituencywiseS2411.htm?ac=11,465,S24,11,2014-05-16 11:04:45.103968
http://eciresults.ap.nic.in/ConstituencywiseS2412.htm?ac=12,466,S24,12,2014-05-16 11:04:45.104026
http://eciresults.ap.nic.in/ConstituencywiseS2413.htm?ac=13,467,S24,13,2014-05-16 11:04:45.104083
http://eciresults.ap.nic.in/ConstituencywiseS2414.htm?ac=14,468,S24,14,2014-05-16 11:04:45.104140
http://eciresults.ap.nic.in/ConstituencywiseS2415.htm?ac=15,469,S24,15,2014-05-16 11:04:45.104198
http://eciresults.ap.nic.in/ConstituencywiseS2416.htm?ac=16,470,S24,16,2014-05-16 11:04:45.104256
http://eciresults.ap.nic.in/ConstituencywiseS2417.htm?ac=17,471,S24,17,2014-05-16 11:04:45.104313
http://eciresults.ap.nic.in/ConstituencywiseS2418.htm?ac=18,472,S24,18,2014-05-16 11:04:45.104371
http://eciresults.ap.nic.in/ConstituencywiseS2419.htm?ac=19,473,S24,19,2014-05-16 11:04:45.104429
http://eciresults.ap.nic.in/ConstituencywiseS2420.htm?ac=20,474,S24,20,2014-05-16 11:04:45.104486
http://eciresults.ap.nic.in/ConstituencywiseS2421.htm?ac=21,475,S24,21,2014-05-16 11:04:45.104543
http://eciresults.ap.nic.in/ConstituencywiseS2422.htm?ac=22,476,S24,22,2014-05-16 11:04:45.104631
http://eciresults.ap.nic.in/ConstituencywiseS2423.htm?ac=23,477,S24,23,2014-05-16 11:04:45.104698
http://eciresults.ap.nic.in/ConstituencywiseS2424.htm?ac=24,478,S24,24,2014-05-16 11:04:45.104797
http://eciresults.ap.nic.in/ConstituencywiseS2425.htm?ac=25,479,S24,25,2014-05-16 11:04:45.104876
http://eciresults.ap.nic.in/ConstituencywiseS2426.htm?ac=26,480,S24,26,2014-05-16 11:04:45.104916
http://eciresults.ap.nic.in/ConstituencywiseS2427.htm?ac=27,481,S24,27,2014-05-16 11:04:45.104952
http://eciresults.ap.nic.in/ConstituencywiseS2428.htm?ac=28,482,S24,28,2014-05-16 11:04:45.104988
http://eciresults.ap.nic.in/ConstituencywiseS2429.htm?ac=29,483,S24,29,2014-05-16 11:04:45.105024
http://eciresults.ap.nic.in/ConstituencywiseS2430.htm?ac=30,484,S24,30,2014-05-16 11:04:45.105061
http://eciresults.ap.nic.in/ConstituencywiseS2431.htm?ac=31,485,S24,31,2014-05-16 11:04:45.105097
http://eciresults.ap.nic.in/ConstituencywiseS2432.htm?ac=32,486,S24,32,2014-05-16 11:04:45.105133
http://eciresults.ap.nic.in/ConstituencywiseS2433.htm?ac=33,487,S24,33,2014-05-16 11:04:45.105169
http://eciresults.ap.nic.in/ConstituencywiseS2434.htm?ac=34,488,S24,34,2014-05-16 11:04:45.105205
http://eciresults.ap.nic.in/ConstituencywiseS2435.htm?ac=35,489,S24,35,2014-05-16 11:04:45.105241
http://eciresults.ap.nic.in/ConstituencywiseS2436.htm?ac=36,490,S24,36,2014-05-16 11:04:45.105278
http://eciresults.ap.nic.in/ConstituencywiseS2437.htm?ac=37,491,S24,37,2014-05-16 11:04:45.105314
http://eciresults.ap.nic.in/ConstituencywiseS2438.htm?ac=38,492,S24,38,2014-05-16 11:04:45.105350
http://eciresults.ap.nic.in/ConstituencywiseS2439.htm?ac=39,493,S24,39,2014-05-16 11:04:45.105386
http://eciresults.ap.nic.in/ConstituencywiseS2440.htm?ac=40,494,S24,40,2014-05-16 11:04:45.105422
http://eciresults.ap.nic.in/ConstituencywiseS2441.htm?ac=41,495,S24,41,2014-05-16 11:04:45.105458
http://eciresults.ap.nic.in/ConstituencywiseS2442.htm?ac=42,496,S24,42,2014-05-16 11:04:45.105494
http://eciresults.ap.nic.in/ConstituencywiseS2443.htm?ac=43,497,S24,43,2014-05-16 11:04:45.105530
http://eciresults.ap.nic.in/ConstituencywiseS2444.htm?ac=44,498,S24,44,2014-05-16 11:04:45.105565
http://eciresults.ap.nic.in/ConstituencywiseS2445.htm?ac=45,499,S24,45,2014-05-16 11:04:45.105601
http://eciresults.ap.nic.in/ConstituencywiseS2446.htm?ac=46,500,S24,46,2014-05-16 11:04:45.105637
http://eciresults.ap.nic.in/ConstituencywiseS2447.htm?ac=47,501,S24,47,2014-05-16 11:04:45.105847
http://eciresults.ap.nic.in/ConstituencywiseS2448.htm?ac=48,502,S24,48,2014-05-16 11:04:45.105889
http://eciresults.ap.nic.in/ConstituencywiseS2449.htm?ac=49,503,S24,49,2014-05-16 11:04:45.105925
http://eciresults.ap.nic.in/ConstituencywiseS2450.htm?ac=50,504,S24,50,2014-05-16 11:04:45.105960
http://eciresults.ap.nic.in/ConstituencywiseS2451.htm?ac=51,505,S24,51,2014-05-16 11:04:45.105996
http://eciresults.ap.nic.in/ConstituencywiseS2452.htm?ac=52,506,S24,52,2014-05-16 11:04:45.106032
http://eciresults.ap.nic.in/ConstituencywiseS2453.htm?ac=53,507,S24,53,2014-05-16 11:04:45.106067
http://eciresults.ap.nic.in/ConstituencywiseS2454.htm?ac=54,508,S24,54,2014-05-16 11:04:45.106103
http://eciresults.ap.nic.in/ConstituencywiseS2455.htm?ac=55,509,S24,55,2014-05-16 11:04:45.106138
http://eciresults.ap.nic.in/ConstituencywiseS2456.htm?ac=56,510,S24,56,2014-05-16 11:04:45.106173
http://eciresults.ap.nic.in/ConstituencywiseS2457.htm?ac=57,511,S24,57,2014-05-16 11:04:45.106209
http://eciresults.ap.nic.in/ConstituencywiseS2458.htm?ac=58,512,S24,58,2014-05-16 11:04:45.106244
http://eciresults.ap.nic.in/ConstituencywiseS2459.htm?ac=59,513,S24,59,2014-05-16 11:04:45.106279
http://eciresults.ap.nic.in/ConstituencywiseS2460.htm?ac=60,514,S24,60,2014-05-16 11:04:45.106315
http://eciresults.ap.nic.in/ConstituencywiseS2461.htm?ac=61,515,S24,61,2014-05-16 11:04:45.106351
http://eciresults.ap.nic.in/ConstituencywiseS2462.htm?ac=62,516,S24,62,2014-05-16 11:04:45.106387
http://eciresults.ap.nic.in/ConstituencywiseS2463.htm?ac=63,517,S24,63,2014-05-16 11:04:45.106423
http://eciresults.ap.nic.in/ConstituencywiseS2464.htm?ac=64,518,S24,64,2014-05-16 11:04:45.106458
http://eciresults.ap.nic.in/ConstituencywiseS2465.htm?ac=65,519,S24,65,2014-05-16 11:04:45.106494
http://eciresults.ap.nic.in/ConstituencywiseS2466.htm?ac=66,520,S24,66,2014-05-16 11:04:45.106529
http://eciresults.ap.nic.in/ConstituencywiseS2467.htm?ac=67,521,S24,67,2014-05-16 11:04:45.106565
http://eciresults.ap.nic.in/ConstituencywiseS2468.htm?ac=68,522,S24,68,2014-05-16 11:04:45.106600
http://eciresults.ap.nic.in/ConstituencywiseS2469.htm?ac=69,523,S24,69,2014-05-16 11:04:45.106635
http://eciresults.ap.nic.in/ConstituencywiseS2470.htm?ac=70,524,S24,70,2014-05-16 11:04:45.106670
http://eciresults.ap.nic.in/ConstituencywiseS2471.htm?ac=71,525,S24,71,2014-05-16 11:04:45.106706
http://eciresults.ap.nic.in/ConstituencywiseS2472.htm?ac=72,526,S24,72,2014-05-16 11:04:45.106742
http://eciresults.ap.nic.in/ConstituencywiseS2472.htm?ac=72,527,S24,72,2014-05-16 11:04:45.106778
http://eciresults.ap.nic.in/ConstituencywiseS2474.htm?ac=74,528,S24,74,2014-05-16 11:04:45.106813
http://eciresults.ap.nic.in/ConstituencywiseS2475.htm?ac=75,529,S24,75,2014-05-16 11:04:45.106849
http://eciresults.ap.nic.in/ConstituencywiseS2476.htm?ac=76,530,S24,76,2014-05-16 11:04:45.106884
http://eciresults.ap.nic.in/ConstituencywiseS2477.htm?ac=77,531,S24,77,2014-05-16 11:04:45.106920
http://eciresults.ap.nic.in/ConstituencywiseS2478.htm?ac=78,532,S24,78,2014-05-16 11:04:45.106956
http://eciresults.ap.nic.in/ConstituencywiseS2479.htm?ac=79,533,S24,79,2014-05-16 11:04:45.106994
http://eciresults.ap.nic.in/ConstituencywiseS2480.htm?ac=80,534,S24,80,2014-05-16 11:04:45.107046
http://eciresults.ap.nic.in/ConstituencywiseS251.htm?ac=1,410,S25,1,2014-05-16 11:04:45.107085
http://eciresults.ap.nic.in/ConstituencywiseS252.htm?ac=2,411,S25,2,2014-05-16 11:04:45.107123
http://eciresults.ap.nic.in/ConstituencywiseS253.htm?ac=3,412,S25,3,2014-05-16 11:04:45.107167
http://eciresults.ap.nic.in/ConstituencywiseS254.htm?ac=4,413,S25,4,2014-05-16 11:04:45.107204
http://eciresults.ap.nic.in/ConstituencywiseS255.htm?ac=5,414,S25,5,2014-05-16 11:04:45.107241
http://eciresults.ap.nic.in/ConstituencywiseS256.htm?ac=6,415,S25,6,2014-05-16 11:04:45.107280
http://eciresults.ap.nic.in/ConstituencywiseS257.htm?ac=7,416,S25,7,2014-05-16 11:04:45.107320
http://eciresults.ap.nic.in/ConstituencywiseS258.htm?ac=8,419,S25,8,2014-05-16 11:04:45.107358
http://eciresults.ap.nic.in/ConstituencywiseS259.htm?ac=9,420,S25,9,2014-05-16 11:04:45.107708
http://eciresults.ap.nic.in/ConstituencywiseS2510.htm?ac=10,421,S25,10,2014-05-16 11:04:45.107791
http://eciresults.ap.nic.in/ConstituencywiseS2511.htm?ac=11,422,S25,11,2014-05-16 11:04:45.107833
http://eciresults.ap.nic.in/ConstituencywiseS2512.htm?ac=12,423,S25,12,2014-05-16 11:04:45.107871
http://eciresults.ap.nic.in/ConstituencywiseS2513.htm?ac=13,424,S25,13,2014-05-16 11:04:45.107908
http://eciresults.ap.nic.in/ConstituencywiseS2514.htm?ac=14,425,S25,14,2014-05-16 11:04:45.107946
http://eciresults.ap.nic.in/ConstituencywiseS2515.htm?ac=15,426,S25,15,2014-05-16 11:04:45.107985
http://eciresults.ap.nic.in/ConstituencywiseS2516.htm?ac=16,427,S25,16,2014-05-16 11:04:45.108022
http://eciresults.ap.nic.in/ConstituencywiseS2517.htm?ac=17,428,S25,17,2014-05-16 11:04:45.108061
http://eciresults.ap.nic.in/ConstituencywiseS2518.htm?ac=18,429,S25,18,2014-05-16 11:04:45.108100
http://eciresults.ap.nic.in/ConstituencywiseS2519.htm?ac=19,430,S25,19,2014-05-16 11:04:45.108179
http://eciresults.ap.nic.in/ConstituencywiseS2520.htm?ac=20,431,S25,20,2014-05-16 11:04:45.108225
http://eciresults.ap.nic.in/ConstituencywiseS2521.htm?ac=21,432,S25,21,2014-05-16 11:04:45.108259
http://eciresults.ap.nic.in/ConstituencywiseS2522.htm?ac=22,433,S25,22,2014-05-16 11:04:45.108291
http://eciresults.ap.nic.in/ConstituencywiseS2523.htm?ac=23,434,S25,23,2014-05-16 11:04:45.108323
http://eciresults.ap.nic.in/ConstituencywiseS2524.htm?ac=24,435,S25,24,2014-05-16 11:04:45.108355
http://eciresults.ap.nic.in/ConstituencywiseS2525.htm?ac=25,436,S25,25,2014-05-16 11:04:45.108387
http://eciresults.ap.nic.in/ConstituencywiseS2526.htm?ac=26,438,S25,26,2014-05-16 11:04:45.108420
http://eciresults.ap.nic.in/ConstituencywiseS2527.htm?ac=27,439,S25,27,2014-05-16 11:04:45.108453
http://eciresults.ap.nic.in/ConstituencywiseS2528.htm?ac=28,440,S25,28,2014-05-16 11:04:45.108485
http://eciresults.ap.nic.in/ConstituencywiseS2529.htm?ac=29,441,S25,29,2014-05-16 11:04:45.108517
http://eciresults.ap.nic.in/ConstituencywiseS2530.htm?ac=30,442,S25,30,2014-05-16 11:04:45.108550
http://eciresults.ap.nic.in/ConstituencywiseS2531.htm?ac=31,443,S25,31,2014-05-16 11:04:45.108583
http://eciresults.ap.nic.in/ConstituencywiseS2532.htm?ac=32,444,S25,32,2014-05-16 11:04:45.108615
http://eciresults.ap.nic.in/ConstituencywiseS2533.htm?ac=33,445,S25,33,2014-05-16 11:04:45.108646
http://eciresults.ap.nic.in/ConstituencywiseS2534.htm?ac=34,446,S25,34,2014-05-16 11:04:45.108680
http://eciresults.ap.nic.in/ConstituencywiseS2535.htm?ac=35,447,S25,35,2014-05-16 11:04:45.108712
http://eciresults.ap.nic.in/ConstituencywiseS2536.htm?ac=36,448,S25,36,2014-05-16 11:04:45.108765
http://eciresults.ap.nic.in/ConstituencywiseS2537.htm?ac=37,449,S25,37,2014-05-16 11:04:45.108814
http://eciresults.ap.nic.in/ConstituencywiseS2538.htm?ac=38,450,S25,38,2014-05-16 11:04:45.108850
http://eciresults.ap.nic.in/ConstituencywiseS2539.htm?ac=39,451,S25,39,2014-05-16 11:04:45.108886
http://eciresults.ap.nic.in/ConstituencywiseS2540.htm?ac=40,452,S25,40,2014-05-16 11:04:45.108922
http://eciresults.ap.nic.in/ConstituencywiseS2541.htm?ac=41,453,S25,41,2014-05-16 11:04:45.108960
http://eciresults.ap.nic.in/ConstituencywiseS2542.htm?ac=42,454,S25,42,2014-05-16 11:04:45.108996
http://eciresults.ap.nic.in/ConstituencywiseS261.htm?ac=1,387,S26,1,2014-05-16 11:04:45.109032
http://eciresults.ap.nic.in/ConstituencywiseS262.htm?ac=2,388,S26,2,2014-05-16 11:04:45.109069
http://eciresults.ap.nic.in/ConstituencywiseS263.htm?ac=3,389,S26,3,2014-05-16 11:04:45.109107
http://eciresults.ap.nic.in/ConstituencywiseS264.htm?ac=4,390,S26,4,2014-05-16 11:04:45.109143
http://eciresults.ap.nic.in/ConstituencywiseS265.htm?ac=5,396,S26,5,2014-05-16 11:04:45.109179
http://eciresults.ap.nic.in/ConstituencywiseS266.htm?ac=6,397,S26,6,2014-05-16 11:04:45.109216
http://eciresults.ap.nic.in/ConstituencywiseS267.htm?ac=7,398,S26,7,2014-05-16 11:04:45.109252
http://eciresults.ap.nic.in/ConstituencywiseS268.htm?ac=8,399,S26,8,2014-05-16 11:04:45.109288
http://eciresults.ap.nic.in/ConstituencywiseS269.htm?ac=9,400,S26,9,2014-05-16 11:04:45.109673
http://eciresults.ap.nic.in/ConstituencywiseS2610.htm?ac=10,401,S26,10,2014-05-16 11:04:45.109734
http://eciresults.ap.nic.in/ConstituencywiseS2611.htm?ac=11,402,S26,11,2014-05-16 11:04:45.109773
http://eciresults.ap.nic.in/ConstituencywiseS271.htm?ac=1,391,S27,1,2014-05-16 11:04:45.109810
http://eciresults.ap.nic.in/ConstituencywiseS272.htm?ac=2,392,S27,2,2014-05-16 11:04:45.109846
http://eciresults.ap.nic.in/ConstituencywiseS273.htm?ac=3,393,S27,3,2014-05-16 11:04:45.109882
http://eciresults.ap.nic.in/ConstituencywiseS274.htm?ac=4,394,S27,4,2014-05-16 11:04:45.109918
http://eciresults.ap.nic.in/ConstituencywiseS275.htm?ac=5,395,S27,5,2014-05-16 11:04:45.109954
http://eciresults.ap.nic.in/ConstituencywiseS276.htm?ac=6,403,S27,6,2014-05-16 11:04:45.109989
http://eciresults.ap.nic.in/ConstituencywiseS277.htm?ac=7,404,S27,7,2014-05-16 11:04:45.110025
http://eciresults.ap.nic.in/ConstituencywiseS278.htm?ac=8,405,S27,8,2014-05-16 11:04:45.110060
http://eciresults.ap.nic.in/ConstituencywiseS279.htm?ac=9,406,S27,9,2014-05-16 11:04:45.110096
http://eciresults.ap.nic.in/ConstituencywiseS2710.htm?ac=10,407,S27,10,2014-05-16 11:04:45.110132
http://eciresults.ap.nic.in/ConstituencywiseS2711.htm?ac=11,408,S27,11,2014-05-16 11:04:45.110167
http://eciresults.ap.nic.in/ConstituencywiseS2712.htm?ac=12,409,S27,12,2014-05-16 11:04:45.110203
http://eciresults.ap.nic.in/ConstituencywiseS2713.htm?ac=13,417,S27,13,2014-05-16 11:04:45.110238
http://eciresults.ap.nic.in/ConstituencywiseS2714.htm?ac=14,418,S27,14,2014-05-16 11:04:45.110274
http://eciresults.ap.nic.in/ConstituencywiseS281.htm?ac=1,382,S28,1,2014-05-16 11:04:45.110309
http://eciresults.ap.nic.in/ConstituencywiseS282.htm?ac=2,383,S28,2,2014-05-16 11:04:45.110344
http://eciresults.ap.nic.in/ConstituencywiseS283.htm?ac=3,384,S28,3,2014-05-16 11:04:45.110380
http://eciresults.ap.nic.in/ConstituencywiseS284.htm?ac=4,385,S28,4,2014-05-16 11:04:45.110415
http://eciresults.ap.nic.in/ConstituencywiseS285.htm?ac=5,386,S28,5,2014-05-16 11:04:45.110450
http://eciresults.ap.nic.in/ConstituencywiseU011.htm?ac=1,542,U01,1,2014-05-16 11:04:45.110486
http://eciresults.ap.nic.in/ConstituencywiseU021.htm?ac=1,547,U02,1,2014-05-16 11:04:45.110521
http://eciresults.ap.nic.in/ConstituencywiseU031.htm?ac=1,545,U03,1,2014-05-16 11:04:45.110557
http://eciresults.ap.nic.in/ConstituencywiseU041.htm?ac=1,544,U04,1,2014-05-16 11:04:45.110592
http://eciresults.ap.nic.in/ConstituencywiseU051.htm?ac=1,535,U05,1,2014-05-16 11:04:45.110628
http://eciresults.ap.nic.in/ConstituencywiseU052.htm?ac=2,536,U05,2,2014-05-16 11:04:45.110663
http://eciresults.ap.nic.in/ConstituencywiseU053.htm?ac=3,537,U05,3,2014-05-16 11:04:45.110698
http://eciresults.ap.nic.in/ConstituencywiseU054.htm?ac=4,538,U05,4,2014-05-16 11:04:45.110734
http://eciresults.ap.nic.in/ConstituencywiseU055.htm?ac=5,539,U05,5,2014-05-16 11:04:45.110769
http://eciresults.ap.nic.in/ConstituencywiseU056.htm?ac=6,540,U05,6,2014-05-16 11:04:45.110805
http://eciresults.ap.nic.in/ConstituencywiseU057.htm?ac=7,541,U05,7,2014-05-16 11:04:45.110841
http://eciresults.ap.nic.in/ConstituencywiseU061.htm?ac=1,543,U06,1,2014-05-16 11:04:45.110876
http://eciresults.ap.nic.in/ConstituencywiseU071.htm?ac=1,546,U07,1,2014-05-16 11:04:45.110911
